23041311151001,Allison Lee,120753838,1,1
23041311151002,Julia Richardson,614517983,1,2
23041311151003,Scott Swanson,051545373,1,3
23041311151004,Jessica Doyle,029789707,1,4
23041311151005,Rachael Ford,761158342,1,5
23041311151006,Alex Oneal,483050978,1,6
23041311151007,Jesse Sanchez,864635947,1,7
23041311151008,James George,083456642,1,8
23041311151009,Christina Martinez,769541568,1,9
230413111510010,Karen Wheeler,639927063,1,10
230413111510011,Joseph Williams,650723159,1,11
230413111510012,Stephen Yu,462575967,1,12
230413111510013,Monica Valdez,589953560,1,13
230413111510014,Joshua Hansen,537828861,1,14
230413111510015,Caitlin Gordon,164713199,1,15
230413111510016,Billy Hendricks,093338311,1,16
230413111510017,Kevin Richards,606050855,1,17
230413111510018,Michael Gibbs,472546326,1,18
230413111510019,Emily Rose,890700006,1,19
230413111510020,Joy Andrews,189233712,1,20
230413111510021,Carrie Ortiz,130938780,1,21
230413111510022,Jacqueline Vasquez,773844695,1,22
230413111510023,Crystal Newman,360589418,1,23
230413111510024,Leah Acosta,096024428,1,24
230413111510025,Amy Christian,337189002,1,25
230413111510026,Victoria Velez,841495592,1,26
230413111510027,Maria Moore,113543365,1,27
230413111510028,Heidi Johnson,110649763,1,28
230413111510029,Catherine Powell,458850454,1,29
230413111510030,Rachel Martinez,589963644,1,30
230413111510031,David Santos,276138817,1,31
230413111510032,Brooke Gonzales,210159915,1,32
230413111510033,Sierra Gordon,775210177,1,33
230413111510034,Emily King,519822037,1,34
230413111510035,Robert Smith,424432013,1,35
230413111510036,Jasmine Brooks,059020689,1,36
230413111510037,Ronald Oneal,447514308,1,37
230413111510038,Mackenzie Luna,529099819,1,38
230413111510039,Cheryl Dixon,509690257,1,39
230413111510040,Jeffrey Adams,705299026,1,40
230413111510041,Tasha Mora,709920352,1,41
230413111510042,Tamara Clark,304115746,1,42
230413111510043,Gabriella Wright,869622269,1,43
230413111510044,Laura Mason DDS,674875931,1,44
230413111510045,Lauren Jones,246705556,1,45
230413111510046,Megan Robinson,755217283,1,46
230413111510047,Richard Clark,338241610,1,47
230413111510048,Katrina Underwood,342692757,1,48
230413111510049,Lauren Mullins,669947059,1,49
230413111510050,Mary Wolfe,181186915,1,50
230413111510051,Amanda Doyle,181628495,1,51
230413111510052,Chloe Li,311436681,1,52
230413111510053,Catherine Davis,808657772,1,53
230413111510054,Rebecca Wilson,105946579,1,54
230413111510055,Hannah Kemp,722548604,1,55
230413111510056,Nancy Fritz,358976505,1,56
230413111510057,Eric Walsh,866320732,1,57
230413111510058,Kendra Garcia,719574612,1,58
230413111510059,John Mendoza,461766896,1,59
230413111510060,Jennifer Foster,590715885,1,60
230413111510061,Anthony Phelps,638264618,1,61
230413111510062,Lisa Sanchez,515218138,1,62
230413111510063,Ellen Mcmillan,385189820,1,63
230413111510064,Kimberly Wells,216309586,1,64
230413111510065,Mary Brown,476982822,1,65
230413111510066,Robert Washington,131302230,1,66
230413111510067,Robert Bell,033041519,1,67
230413111510068,David Santos,345991880,1,68
230413111510069,Jody Lloyd,084232667,1,69
230413111510070,Edward Moran,611391394,1,70
230413111510071,Kristy Burns,432787424,1,71
230413111510072,Kim Vargas,270219069,1,72
230413111510073,Sara Sims,629910876,1,73
230413111510074,Lindsey Bright,766401223,1,74
230413111510075,Savannah Scott,639532595,1,75
230413111510076,Brandon Rosario,623057660,1,76
230413111510077,Michael Smith,771133495,1,77
230413111510078,Christina Coleman,286887065,1,78
230413111510079,Mark Davis,597045855,1,79
230413111510080,Trevor Bowman,580993597,1,80
230413111510081,Lori Marshall,275954728,1,81
230413111510082,Kristine Myers,632963180,1,82
230413111510083,Brianna Garcia,467514990,1,83
230413111510084,Penny Jones,503047427,1,84
230413111510085,Philip Jones,856287768,1,85
230413111510086,Emily Wagner,675054421,1,86
230413111510087,Alison Miller,526364684,1,87
230413111510088,Michael Sutton,314957080,1,88
230413111510089,Jonathan Bullock,312730239,1,89
230413111510090,Michelle Henson,393455534,1,90
230413111510091,Carrie Cunningham,409853848,1,91
230413111510092,Ashley Dorsey,588181750,1,92
230413111510093,Brett Ross,212150609,1,93
230413111510094,James Mckinney,286341441,1,94
230413111510095,Martin Murray,893412554,1,95
230413111510096,Dennis Thompson,591363970,1,96
230413111510097,Brandon Garcia,536887146,1,97
